path	format	interpreter	max_glibc	max_glibcxx	needed
lib/node_modules/@deepseek-ai/dsh/node_modules/@vscode/ripgrep-linux-arm64/bin/rg	ELF 64-bit LSB executable, ARM aarch64, version 1 (SYSV), statically linked, BuildID[xxHash]=73abe5368ee4235e, stripped	-	-	-	-
lib/node_modules/@deepseek-ai/dsh/node_modules/node-addon-require-builtin-linux-arm64-gnu/prebuilt/linux-arm64-gnu-napi-v9.node	ELF 64-bit LSB shared object, ARM aarch64, version 1 (SYSV), dynamically linked, BuildID[sha1]=a18f4b11cb6fe2965570f554f6cac11e9fd40b08, not stripped	-	2.17	3.4.21	libdl.so.2,libstdc++.so.6,libm.so.6,libgcc_s.so.1,libpthread.so.0,libc.so.6
lib/node_modules/@deepseek-ai/dsh/node_modules/node-pty/prebuilds/linux-arm64/pty.node	ELF 64-bit LSB shared object, ARM aarch64, version 1 (SYSV), dynamically linked, BuildID[sha1]=d911234663c476302aa16fac6f67e111a575e6d7, not stripped	-	2.28	3.4.22	libutil.so.1,libstdc++.so.6,libgcc_s.so.1,libpthread.so.0,libc.so.6,ld-linux-aarch64.so.1
lib/node_modules/@deepseek-ai/dsh/node_modules/node-pty/prebuilds/linux-x64/pty.node	ELF 64-bit LSB shared object, x86-64, version 1 (SYSV), dynamically linked, BuildID[sha1]=1a8a9d0144a2144b80b162f18125c975e2153579, not stripped	-	2.28	3.4.22	libutil.so.1,libstdc++.so.6,libgcc_s.so.1,libpthread.so.0,libc.so.6
lib/node_modules/@deepseek-ai/dsh/node_modules/@img/sharp-libvips-linux-arm64/lib/libvips-cpp.so.8.18.3	ELF 64-bit LSB shared object, ARM aarch64, version 1 (SYSV), dynamically linked, BuildID[sha1]=aee7b725a72da38ed31011ad95b573e54ca6e97d, stripped	-	2.28	3.4.22	libresolv.so.2,libdl.so.2,libstdc++.so.6,libpthread.so.0,libm.so.6,libgcc_s.so.1,libc.so.6,ld-linux-aarch64.so.1
lib/node_modules/@deepseek-ai/dsh/node_modules/@img/sharp-linux-arm64/lib/sharp-linux-arm64-0.35.3.node	ELF 64-bit LSB shared object, ARM aarch64, version 1 (SYSV), dynamically linked, BuildID[sha1]=fb5bfd5a24fb5eb5a3f92654c2268761c405e42a, stripped	-	2.17	3.4.21	libvips-cpp.so.8.18.3,libstdc++.so.6,libm.so.6,libgcc_s.so.1,libpthread.so.0,libc.so.6,ld-linux-aarch64.so.1
lib/node_modules/@deepseek-ai/dsh/node_modules/@koromix/koffi-linux-arm64/musl_arm64/koffi.node	ELF 64-bit LSB shared object, ARM aarch64, version 1 (SYSV), dynamically linked, BuildID[sha1]=c864add4def163cb422d91c235553b46950a919a, stripped	-	2.0	-	libstdc++.so.6,libgcc_s.so.1,libc.musl-aarch64.so.1
lib/node_modules/@deepseek-ai/dsh/node_modules/@koromix/koffi-linux-arm64/linux_arm64/koffi.node	ELF 64-bit LSB shared object, ARM aarch64, version 1 (SYSV), dynamically linked, BuildID[sha1]=8527859cf5b11b70068f0cf4fade034c56cf2bcd, stripped	-	2.17	3.4.22	libstdc++.so.6,libgcc_s.so.1,libc.so.6
lib/node_modules/@deepseek-ai/dsh/node_modules/@deepseek-ai/node-addon-landlock-run-linux-arm64/bin/landlock-run	ELF 64-bit LSB executable, ARM aarch64, version 1 (SYSV), statically linked, stripped	-	-	-	-
